[
  {
    "pk": 18918,
    "model": "movies.actor",
    "fields": {
      "name": "Dwayne Johnson",
      "profile_path": "https://image.tmdb.org/t/p/original/cgoy7t5Ve075naBPcewZrc08qGw.jpg"
    }
  },
  {
    "pk": 83860,
    "model": "movies.actor",
    "fields": {
      "name": "Aldis Hodge",
      "profile_path": "https://image.tmdb.org/t/p/original/jPpnaAGFXaIeOrRNUHIHxk3fIJL.jpg"
    }
  },
  {
    "pk": 1253353,
    "model": "movies.actor",
    "fields": {
      "name": "Noah Centineo",
      "profile_path": "https://image.tmdb.org/t/p/original/p1bcst401RyxfDGykx2iQLI7CV5.jpg"
    }
  },
  {
    "pk": 164945,
    "model": "movies.actor",
    "fields": {
      "name": "Sarah Shahi",
      "profile_path": "https://image.tmdb.org/t/p/original/shiLCJNyvi9xlUZw4bTuRkhrKpm.jpg"
    }
  },
  {
    "pk": 2042690,
    "model": "movies.actor",
    "fields": {
      "name": "Quintessa Swindell",
      "profile_path": "https://image.tmdb.org/t/p/original/xKUFfFJR6o5Ka7AmetGMYjSmBGO.jpg"
    }
  },
  {
    "pk": 952,
    "model": "movies.keyword",
    "fields": {
      "name": "lightning"
    }
  },
  {
    "pk": 2095,
    "model": "movies.keyword",
    "fields": {
      "name": "anti hero"
    }
  },
  {
    "pk": 9715,
    "model": "movies.keyword",
    "fields": {
      "name": "superhero"
    }
  },
  {
    "pk": 9717,
    "model": "movies.keyword",
    "fields": {
      "name": "based on comic"
    }
  },
  {
    "pk": 15001,
    "model": "movies.keyword",
    "fields": {
      "name": "demon"
    }
  },
  {
    "pk": 155030,
    "model": "movies.keyword",
    "fields": {
      "name": "superhero team"
    }
  },
  {
    "pk": 179431,
    "model": "movies.keyword",
    "fields": {
      "name": "duringcreditsstinger"
    }
  },
  {
    "pk": 229266,
    "model": "movies.keyword",
    "fields": {
      "name": "dc extended universe"
    }
  },
  {
    "pk": 436270,
    "model": "movies.upcoming",
    "fields": {
      "title": "블랙 아담",
      "overview": "기원전 가장 번성하고 위대한 고대 국가였지만 현재는 국제 군사 조직 인터갱의 독재 국가로 전락한 칸다크. 인터갱의 눈을 피해 고대 유물을 찾던 '아드리아나'는 우연히 5000년 동안 잠들어 있던 '블랙 아담'을 깨우게 된다.  엄청난 괴력과 스피드, 방탄 능력과 자유자재의 고공비행, 번개를 쏘는 능력까지. 온몸이 무기인 '블랙 아담'은 자신의 앞을 막아서는 인터갱들을 모조리 쓸어버리고 칸다크 국민들은 이에 열광한다. 한편, 그의 폭주를 막기 위해 호크맨, 닥터 페이트, 아톰 스매셔, 사이클론으로 구성된 히어로 군단 '저스티스 소사이어티'가 칸다크에 나타나는데...",
      "genres": [
        28,
        14,
        878
      ],
      "release_date": "2022-10-19",
      "vote_count": 1574,
      "vote_average": 7.1,
      "actors": [
        18918,
        83860,
        1253353,
        164945,
        2042690
      ],
      "poster_path": "/mEdMHGy1FfCUc7PskFO0tibm8jp.jpg",
      "video_path": "jD5Yc2qMzBw",
      "keywords": [
        952,
        2095,
        9715,
        9717,
        15001,
        155030,
        179431,
        229266
      ]
    }
  },
  {
    "pk": 65731,
    "model": "movies.actor",
    "fields": {
      "name": "Sam Worthington",
      "profile_path": "https://image.tmdb.org/t/p/original/blKKsHlJIL9PmUQZB8f3YmMBW5Y.jpg"
    }
  },
  {
    "pk": 8691,
    "model": "movies.actor",
    "fields": {
      "name": "Zoe Saldaña",
      "profile_path": "https://image.tmdb.org/t/p/original/iOVbUH20il632nj2v01NCtYYeSg.jpg"
    }
  },
  {
    "pk": 10205,
    "model": "movies.actor",
    "fields": {
      "name": "Sigourney Weaver",
      "profile_path": "https://image.tmdb.org/t/p/original/flfhep27iBxseZIlxOMHt6zJFX1.jpg"
    }
  },
  {
    "pk": 32747,
    "model": "movies.actor",
    "fields": {
      "name": "Stephen Lang",
      "profile_path": "https://image.tmdb.org/t/p/original/xEBuFWrCKDQD6r6CZK71GYIc4UW.jpg"
    }
  },
  {
    "pk": 204,
    "model": "movies.actor",
    "fields": {
      "name": "Kate Winslet",
      "profile_path": "https://image.tmdb.org/t/p/original/e3tdop3WhseRnn8KwMVLAV25Ybv.jpg"
    }
  },
  {
    "pk": 9663,
    "model": "movies.keyword",
    "fields": {
      "name": "sequel"
    }
  },
  {
    "pk": 10158,
    "model": "movies.keyword",
    "fields": {
      "name": "alien planet"
    }
  },
  {
    "pk": 13002,
    "model": "movies.keyword",
    "fields": {
      "name": "avatar"
    }
  },
  {
    "pk": 76600,
    "model": "movies.upcoming",
    "fields": {
      "title": "아바타: 물의 길",
      "overview": "2009년 개봉한 영화 아바타의 두번째 시리즈로 첫번째 작품의 사건이 발생한 이후의 이야기를 다룬다.",
      "genres": [
        878,
        28,
        12
      ],
      "release_date": "2022-12-14",
      "vote_count": 0,
      "vote_average": 0,
      "actors": [
        65731,
        8691,
        10205,
        32747,
        204
      ],
      "poster_path": "/pnE7BFxWt7MScfp56phmj1jKTiJ.jpg",
      "video_path": "kihrFxwdMb4",
      "keywords": [
        9663,
        10158,
        13002
      ]
    }
  },
  {
    "pk": 5469,
    "model": "movies.actor",
    "fields": {
      "name": "Ralph Fiennes",
      "profile_path": "https://image.tmdb.org/t/p/original/tJr9GcmGNHhLVVEH3i7QYbj6hBi.jpg"
    }
  },
  {
    "pk": 1397778,
    "model": "movies.actor",
    "fields": {
      "name": "Anya Taylor-Joy",
      "profile_path": "https://image.tmdb.org/t/p/original/aSOvCmB1nsl19IqrjuuWwaguvDh.jpg"
    }
  },
  {
    "pk": 3292,
    "model": "movies.actor",
    "fields": {
      "name": "Nicholas Hoult",
      "profile_path": "https://image.tmdb.org/t/p/original/rbyi6sOw0dGV3wJzKXDopm2h0NO.jpg"
    }
  },
  {
    "pk": 1360317,
    "model": "movies.actor",
    "fields": {
      "name": "Hong Chau",
      "profile_path": "https://image.tmdb.org/t/p/original/3LIsdizzTUk9Doi0Mwwc1ROfSIy.jpg"
    }
  },
  {
    "pk": 47627,
    "model": "movies.actor",
    "fields": {
      "name": "Janet McTeer",
      "profile_path": "https://image.tmdb.org/t/p/original/qOKAI6aunD4J5MXiwwomAhI3jI2.jpg"
    }
  },
  {
    "pk": 8201,
    "model": "movies.keyword",
    "fields": {
      "name": "satire"
    }
  },
  {
    "pk": 12997,
    "model": "movies.keyword",
    "fields": {
      "name": "dinner"
    }
  },
  {
    "pk": 18293,
    "model": "movies.keyword",
    "fields": {
      "name": "chef"
    }
  },
  {
    "pk": 156630,
    "model": "movies.keyword",
    "fields": {
      "name": "remote island"
    }
  },
  {
    "pk": 593643,
    "model": "movies.upcoming",
    "fields": {
      "title": "더 메뉴",
      "overview": "커플인 마고와 타일러는 까다롭기로 유명한 셰프, 슬로윅의 초청을 받아 어느 외딴섬 레스토랑의 저녁 식사에 참석하게 된다. 평소 슬로윅을 존경해왔던 타일러는 들뜬 마음으로 여러 유명인사들과 함께 섬으로 출발하는 배에 탑승한다. 레스토랑에 도착한 손님들은 슬로윅의 화려한 환대에 탄성을 자아낸다. 하지만 ‘음식은 또 다른 예술’이라는 슬로윅의 기괴한 집착에, 좋았던 분위기는 점차 이상한 방향으로 흐른다. 뭔가 심상치 않음을 감지한 마고는 이의를 제기하려 하지만, 이미 슬로윅의 음식에 푹 빠져버린 타일러에게 그녀의 제안은 안중에도 없다. 그런 와중에 슬로윅의 기괴한 집착은 점점 선을 넘기 시작하는데...",
      "genres": [
        35,
        27,
        53
      ],
      "release_date": "2022-11-17",
      "vote_count": 154,
      "vote_average": 7.4,
      "actors": [
        5469,
        1397778,
        3292,
        1360317,
        47627
      ],
      "poster_path": "/2Bi9OTGNAkNjStDnMDR93GPgwFY.jpg",
      "video_path": "2-p9nvFFU9E",
      "keywords": [
        8201,
        12997,
        18293,
        156630
      ]
    }
  },
  {
    "pk": 1256603,
    "model": "movies.actor",
    "fields": {
      "name": "Natsuki Hanae",
      "profile_path": "https://image.tmdb.org/t/p/original/A1lGrpBEdAUxZA7RoAw4Zr4ved3.jpg"
    }
  },
  {
    "pk": 1563442,
    "model": "movies.actor",
    "fields": {
      "name": "Akari Kito",
      "profile_path": "https://image.tmdb.org/t/p/original/43SgANYtj7vpsHmz68hgPDlxC15.jpg"
    }
  },
  {
    "pk": 119145,
    "model": "movies.actor",
    "fields": {
      "name": "Hiro Shimono",
      "profile_path": "https://image.tmdb.org/t/p/original/i5CaaqKmHH0vKCloqZyrCwn5mWy.jpg"
    }
  },
  {
    "pk": 233590,
    "model": "movies.actor",
    "fields": {
      "name": "Yoshitsugu Matsuoka",
      "profile_path": "https://image.tmdb.org/t/p/original/ugDwdWEXnmv43jcbnfAi4XwiQ8C.jpg"
    }
  },
  {
    "pk": 224413,
    "model": "movies.actor",
    "fields": {
      "name": "Satoshi Hino",
      "profile_path": "https://image.tmdb.org/t/p/original/8ZJIiwIVF2zDyyFr7oXewj0eEuu.jpg"
    }
  },
  {
    "pk": 1721,
    "model": "movies.keyword",
    "fields": {
      "name": "fight"
    }
  },
  {
    "pk": 2343,
    "model": "movies.keyword",
    "fields": {
      "name": "magic"
    }
  },
  {
    "pk": 2800,
    "model": "movies.keyword",
    "fields": {
      "name": "psychology"
    }
  },
  {
    "pk": 6152,
    "model": "movies.keyword",
    "fields": {
      "name": "supernatural"
    }
  },
  {
    "pk": 10292,
    "model": "movies.keyword",
    "fields": {
      "name": "gore"
    }
  },
  {
    "pk": 10349,
    "model": "movies.keyword",
    "fields": {
      "name": "survival"
    }
  },
  {
    "pk": 10614,
    "model": "movies.keyword",
    "fields": {
      "name": "tragedy"
    }
  },
  {
    "pk": 10683,
    "model": "movies.keyword",
    "fields": {
      "name": "coming of age"
    }
  },
  {
    "pk": 13141,
    "model": "movies.keyword",
    "fields": {
      "name": "based on manga"
    }
  },
  {
    "pk": 15001,
    "model": "movies.keyword",
    "fields": {
      "name": "demon"
    }
  },
  {
    "pk": 15126,
    "model": "movies.keyword",
    "fields": {
      "name": "historical"
    }
  },
  {
    "pk": 18035,
    "model": "movies.keyword",
    "fields": {
      "name": "family"
    }
  },
  {
    "pk": 157512,
    "model": "movies.keyword",
    "fields": {
      "name": "mutilation"
    }
  },
  {
    "pk": 177895,
    "model": "movies.keyword",
    "fields": {
      "name": "dark fantasy"
    }
  },
  {
    "pk": 207826,
    "model": "movies.keyword",
    "fields": {
      "name": "shounen"
    }
  },
  {
    "pk": 210024,
    "model": "movies.keyword",
    "fields": {
      "name": "anime"
    }
  },
  {
    "pk": 254547,
    "model": "movies.keyword",
    "fields": {
      "name": "taisho"
    }
  },
  {
    "pk": 635302,
    "model": "movies.upcoming",
    "fields": {
      "title": "극장판 귀멸의 칼날: 무한열차편",
      "overview": "혈귀로 변해버린 여동생 네즈코를 인간으로 되돌릴 단서를 찾아 비밀조직 귀살대에 들어간 탄지로. 젠이츠, 이노스케와 새로운 임무 수행을 위해 무한열차에 탑승 후 귀살대 최강 검사 염주 렌고쿠와 합류한다. 달리는 무한열차에서 승객들이 하나 둘 흔적 없이 사라지자 숨어있는 식인 혈귀의 존재를 직감하는 렌고쿠. 귀살대 탄지로 일행과 최강 검사 염주 렌고쿠는 어둠 속을 달리는 무한열차에서 모두의 목숨을 구하기 위해 예측불가능한 능력을 가진 혈귀와 목숨을 건 혈전을 시작하는데...",
      "genres": [
        16,
        28,
        12,
        14
      ],
      "release_date": "2020-10-16",
      "vote_count": 2790,
      "vote_average": 8.3,
      "actors": [
        1256603,
        1563442,
        119145,
        233590,
        224413
      ],
      "poster_path": "/mxdVTei65ymzhJlalIEtR1qSgV2.jpg",
      "video_path": "VviIeYKkGpM",
      "keywords": [
        1721,
        2343,
        2800,
        6152,
        10292,
        10349,
        10614,
        10683,
        13141,
        15001,
        15126,
        18035,
        157512,
        177895,
        207826,
        210024,
        254547
      ]
    }
  },
  {
    "pk": 203473,
    "model": "movies.actor",
    "fields": {
      "name": "Kaori Nazuka",
      "profile_path": "https://image.tmdb.org/t/p/original/zTydHbhNjpwoCydvrJAd3d64C3g.jpg"
    }
  },
  {
    "pk": 3659896,
    "model": "movies.actor",
    "fields": {
      "name": "Ado",
      "profile_path": "https://image.tmdb.org/t/p/originalNone"
    }
  },
  {
    "pk": 90561,
    "model": "movies.actor",
    "fields": {
      "name": "Shuichi Ikeda",
      "profile_path": "https://image.tmdb.org/t/p/original/b6jZTV9sGC0W5ZuMTuDj1rF4VN9.jpg"
    }
  },
  {
    "pk": 65510,
    "model": "movies.actor",
    "fields": {
      "name": "Mayumi Tanaka",
      "profile_path": "https://image.tmdb.org/t/p/original/dWh2Y3bQkSjPv3c7kyy5P6M3PLS.jpg"
    }
  },
  {
    "pk": 84507,
    "model": "movies.actor",
    "fields": {
      "name": "Kazuya Nakai",
      "profile_path": "https://image.tmdb.org/t/p/original/78PKViY7brjF3AJI8h3tXyUyYT7.jpg"
    }
  },
  {
    "pk": 12988,
    "model": "movies.keyword",
    "fields": {
      "name": "pirate"
    }
  },
  {
    "pk": 14955,
    "model": "movies.keyword",
    "fields": {
      "name": "fighting"
    }
  },
  {
    "pk": 33637,
    "model": "movies.keyword",
    "fields": {
      "name": "super power"
    }
  },
  {
    "pk": 210024,
    "model": "movies.keyword",
    "fields": {
      "name": "anime"
    }
  },
  {
    "pk": 258257,
    "model": "movies.keyword",
    "fields": {
      "name": "pirate king"
    }
  },
  {
    "pk": 263457,
    "model": "movies.keyword",
    "fields": {
      "name": "pirates"
    }
  },
  {
    "pk": 900667,
    "model": "movies.upcoming",
    "fields": {
      "title": "원피스 필름 레드",
      "overview": "오직 목소리 하나로 전 세계를 사로잡은 디바 ‘우타’.  그녀가 모습을 드러내는 첫 라이브 콘서트가 음악의 섬 ‘엘레지아’에서 열리고  ‘루피’가 이끄는 밀짚모자 해적단과 함께 수많은 ‘우타’ 팬들로 공연장은 가득 찬다.  그리고 이 콘서트를 둘러싼 해적들과 해군들의 수상한 움직임이 시작되는데…  드디어 전세계가 애타게 기다리던 ‘우타’의 등장과 함께 노래가 울려 퍼지고,  그녀가 ‘샹크스의 딸’이라는 충격적인 사실이 드러난다.  ‘루피’, ‘우타’, ‘샹크스’, 세 사람의 과거가 그녀의 노랫소리와 함께 밝혀진다! 여기에서",
      "genres": [
        16,
        12,
        28,
        14
      ],
      "release_date": "2022-08-06",
      "vote_count": 185,
      "vote_average": 7.4,
      "actors": [
        203473,
        3659896,
        90561,
        65510,
        84507
      ],
      "poster_path": "/q9Ul66mQDGpAvqUrTZdSMSzym5w.jpg",
      "video_path": "O4KWMlXhCMI",
      "keywords": [
        12988,
        14955,
        33637,
        210024,
        258257,
        263457
      ]
    }
  },
  {
    "pk": 233590,
    "model": "movies.actor",
    "fields": {
      "name": "Yoshitsugu Matsuoka",
      "profile_path": "https://image.tmdb.org/t/p/original/ugDwdWEXnmv43jcbnfAi4XwiQ8C.jpg"
    }
  },
  {
    "pk": 119143,
    "model": "movies.actor",
    "fields": {
      "name": "Kana Hanazawa",
      "profile_path": "https://image.tmdb.org/t/p/original/5bK9ttcRydQBWmyZp7gXDmJYOPF.jpg"
    }
  },
  {
    "pk": 1072776,
    "model": "movies.actor",
    "fields": {
      "name": "Ayana Taketatsu",
      "profile_path": "https://image.tmdb.org/t/p/original/8vGKUIJrpbdURA7XSyGnkbi1Qqg.jpg"
    }
  },
  {
    "pk": 1530921,
    "model": "movies.actor",
    "fields": {
      "name": "Miku Ito",
      "profile_path": "https://image.tmdb.org/t/p/original/kP7JBvveQO9ucYpmOvUNcW5RLAp.jpg"
    }
  },
  {
    "pk": 992869,
    "model": "movies.actor",
    "fields": {
      "name": "Ayane Sakura",
      "profile_path": "https://image.tmdb.org/t/p/original/yPbTmntASE9psPIMhNGU5oo6vIH.jpg"
    }
  },
  {
    "pk": 704,
    "model": "movies.keyword",
    "fields": {
      "name": "adolescence"
    }
  },
  {
    "pk": 5923,
    "model": "movies.keyword",
    "fields": {
      "name": "sister"
    }
  },
  {
    "pk": 9194,
    "model": "movies.keyword",
    "fields": {
      "name": "harem"
    }
  },
  {
    "pk": 9840,
    "model": "movies.keyword",
    "fields": {
      "name": "romance"
    }
  },
  {
    "pk": 9914,
    "model": "movies.keyword",
    "fields": {
      "name": "slice of life"
    }
  },
  {
    "pk": 10873,
    "model": "movies.keyword",
    "fields": {
      "name": "school"
    }
  },
  {
    "pk": 13141,
    "model": "movies.keyword",
    "fields": {
      "name": "based on manga"
    }
  },
  {
    "pk": 210024,
    "model": "movies.keyword",
    "fields": {
      "name": "anime"
    }
  },
  {
    "pk": 278536,
    "model": "movies.keyword",
    "fields": {
      "name": "school culture festival"
    }
  },
  {
    "pk": 820067,
    "model": "movies.upcoming",
    "fields": {
      "title": "극장판 5등분의 신부",
      "overview": "「낙제 직전」「공부가 싫은」미소녀 다섯 쌍둥이를  아르바이트 가정 교사로서 「졸업」까지 이끈 후타로.  배우에 전념하기 위해 휴학하기로 한 이치카의 공부를 봐주면서  「학교 축제」 준비에 힘쓰는 후타로와,  후회 없는 「학교 축제」를 만들기 위해 평소 이상으로 노력하는 요츠바.  어지러운 날들이 지나고 정신을 차려보니 「학교 축제」 전날.  후타로는 포기하지 않고 힘쓰는 이츠키의 모습에 힘입어,  니노의 각오와 미쿠의 결의, 그리고 이치카·요츠바·이츠키에 대한 마음의 답을 찾는다.  저마다의 생각을 안고 있는 와중,  드디어 시작된 고교 생활 최후의(마지막) 이벤트인 「학교 축제」 첫날.  『학교 축제 첫날 15시에 교실에 와줘』  교실에 모인 다섯 쌍둥이는, 후타로에게 어떠한 마음을 고백 받게 될까?",
      "genres": [
        16,
        35,
        10749
      ],
      "release_date": "2022-05-20",
      "vote_count": 102,
      "vote_average": 9,
      "actors": [
        233590,
        119143,
        1072776,
        1530921,
        992869
      ],
      "poster_path": "/63SDXxNKOA4ZfXvRCkF9B1y14Us.jpg",
      "video_path": "MVsrrX38NpI",
      "keywords": [
        704,
        5923,
        9194,
        9840,
        9914,
        10873,
        13141,
        210024,
        278536
      ]
    }
  },
  {
    "pk": 2115854,
    "model": "movies.actor",
    "fields": {
      "name": "Winslow Fegley",
      "profile_path": "https://image.tmdb.org/t/p/original/fx72xnTrHYLsFA3CUlDbwojH8G7.jpg"
    }
  },
  {
    "pk": 3810,
    "model": "movies.actor",
    "fields": {
      "name": "Javier Bardem",
      "profile_path": "https://image.tmdb.org/t/p/original/IShnFg6ijWhpbu29dFBd9PtqQg.jpg"
    }
  },
  {
    "pk": 206444,
    "model": "movies.actor",
    "fields": {
      "name": "Constance Wu",
      "profile_path": "https://image.tmdb.org/t/p/original/7nT6QsetU2RCUwopPmq2NFSnLDL.jpg"
    }
  },
  {
    "pk": 59233,
    "model": "movies.actor",
    "fields": {
      "name": "Scoot McNairy",
      "profile_path": "https://image.tmdb.org/t/p/original/oP2LJEqupxVZ2XdEW1lN5Q5LF3M.jpg"
    }
  },
  {
    "pk": 224197,
    "model": "movies.actor",
    "fields": {
      "name": "Brett Gelman",
      "profile_path": "https://image.tmdb.org/t/p/original/ub2IuMWFNQGYghHTPq0lpmn2Ue0.jpg"
    }
  },
  {
    "pk": 4344,
    "model": "movies.keyword",
    "fields": {
      "name": "musical"
    }
  },
  {
    "pk": 15101,
    "model": "movies.keyword",
    "fields": {
      "name": "based on children's book"
    }
  },
  {
    "pk": 170356,
    "model": "movies.keyword",
    "fields": {
      "name": "outsider"
    }
  },
  {
    "pk": 209220,
    "model": "movies.keyword",
    "fields": {
      "name": "live action and animation"
    }
  },
  {
    "pk": 267848,
    "model": "movies.keyword",
    "fields": {
      "name": "talking animals"
    }
  },
  {
    "pk": 830784,
    "model": "movies.upcoming",
    "fields": {
      "title": "라일, 라일, 크로커다일",
      "overview": "뉴욕에 사는 악어에 관한 어린이 책을 바탕으로 한 장편 영화.",
      "genres": [
        35,
        10751,
        10402
      ],
      "release_date": "2022-10-07",
      "vote_count": 29,
      "vote_average": 7.2,
      "actors": [
        2115854,
        3810,
        206444,
        59233,
        224197
      ],
      "poster_path": "/CpaU433AomkCvwAhR3KROUIFJO.jpg",
      "video_path": "L_iHDB8ZBAY",
      "keywords": [
        4344,
        15101,
        170356,
        209220,
        267848
      ]
    }
  },
  {
    "pk": 3131,
    "model": "movies.actor",
    "fields": {
      "name": "Antonio Banderas",
      "profile_path": "https://image.tmdb.org/t/p/original/iWIUEwgn2KW50MssR7tdPeFoRGW.jpg"
    }
  },
  {
    "pk": 3136,
    "model": "movies.actor",
    "fields": {
      "name": "Salma Hayek",
      "profile_path": "https://image.tmdb.org/t/p/original/a1VhN6kvw4tuRrIvGnvAjHAWnD5.jpg"
    }
  },
  {
    "pk": 1373737,
    "model": "movies.actor",
    "fields": {
      "name": "Florence Pugh",
      "profile_path": "https://image.tmdb.org/t/p/original/fGx68Qen1SEHFA9CGW3miCjRDBW.jpg"
    }
  },
  {
    "pk": 39187,
    "model": "movies.actor",
    "fields": {
      "name": "Olivia Colman",
      "profile_path": "https://image.tmdb.org/t/p/original/1KTXGJaqWRnsoA6qeaUa7U2zkHL.jpg"
    }
  },
  {
    "pk": 5538,
    "model": "movies.actor",
    "fields": {
      "name": "Ray Winstone",
      "profile_path": "https://image.tmdb.org/t/p/original/hhKZGnu66EXC0nDYzjErMs62ETb.jpg"
    }
  },
  {
    "pk": 15285,
    "model": "movies.keyword",
    "fields": {
      "name": "spin off"
    }
  },
  {
    "pk": 315162,
    "model": "movies.upcoming",
    "fields": {
      "title": "장화신은 고양이: 끝내주는 모험",
      "overview": "9개의 목숨을 갖고 있던 장화신은 고양이가 하나밖에 남지 않은 목숨을 걸고 두번 다시 없을 위험천만하고 기상천외한 모험을 시작하는 이야기",
      "genres": [
        16,
        12,
        35,
        10751,
        14
      ],
      "release_date": "2022-12-07",
      "vote_count": 0,
      "vote_average": 0,
      "actors": [
        3131,
        3136,
        1373737,
        39187,
        5538
      ],
      "poster_path": "/58R71DxuezJ2qNg845FDxdPHoia.jpg",
      "video_path": "zEi_kfkboHE",
      "keywords": [
        15285
      ]
    }
  },
  {
    "pk": 1400939,
    "model": "movies.actor",
    "fields": {
      "name": "Jacqueline Byers",
      "profile_path": "https://image.tmdb.org/t/p/original/vgj4zlU5sqJ1EzRgUP3ikRwK4lW.jpg"
    }
  },
  {
    "pk": 5414,
    "model": "movies.actor",
    "fields": {
      "name": "Colin Salmon",
      "profile_path": "https://image.tmdb.org/t/p/original/mLlAU6Zl2MIL5znp5UHdX3sVTN7.jpg"
    }
  },
  {
    "pk": 1237405,
    "model": "movies.actor",
    "fields": {
      "name": "Christian Navarro",
      "profile_path": "https://image.tmdb.org/t/p/original/3GbOZdjoSVE2dkti9MKx44HidRi.jpg"
    }
  },
  {
    "pk": 111658,
    "model": "movies.actor",
    "fields": {
      "name": "Lisa Palfrey",
      "profile_path": "https://image.tmdb.org/t/p/original/iwZrsJhsuiqep5zEyh4b7lhYTs5.jpg"
    }
  },
  {
    "pk": 2693053,
    "model": "movies.actor",
    "fields": {
      "name": "Nicholas Ralph",
      "profile_path": "https://image.tmdb.org/t/p/original/bGT39QpwMEbEoeBCPoVJYsfauvj.jpg"
    }
  },
  {
    "pk": 745,
    "model": "movies.keyword",
    "fields": {
      "name": "nun"
    }
  },
  {
    "pk": 2626,
    "model": "movies.keyword",
    "fields": {
      "name": "exorcism"
    }
  },
  {
    "pk": 157008,
    "model": "movies.keyword",
    "fields": {
      "name": "catholic church"
    }
  },
  {
    "pk": 161261,
    "model": "movies.keyword",
    "fields": {
      "name": "demonic possession"
    }
  },
  {
    "pk": 676547,
    "model": "movies.upcoming",
    "fields": {
      "title": "프레이 포 더 데블",
      "overview": "과거의 트라우마로 여전히 고통 받고 있는 수녀 앤  구마 의식 학교에서 특별한 재능을 인정받으며 남성 사제에게만 허용되었던 구마 의식 훈련을 받게 되고  그곳에서 만난 환자들을 통해 어릴 적부터 그녀를 괴롭혀 왔던 존재의 실체와 만나게 되는데...",
      "genres": [
        27,
        53
      ],
      "release_date": "2022-10-23",
      "vote_count": 58,
      "vote_average": 5.9,
      "actors": [
        1400939,
        5414,
        1237405,
        111658,
        2693053
      ],
      "poster_path": "/zfWbFiCpi9rlr96hTQpNoqiSKr7.jpg",
      "video_path": "rYYZJ8vfkeI",
      "keywords": [
        745,
        2626,
        157008,
        161261
      ]
    }
  },
  {
    "pk": 7056,
    "model": "movies.actor",
    "fields": {
      "name": "Emma Thompson",
      "profile_path": "https://image.tmdb.org/t/p/original/xr8Ki3CIqweWWqS5q0kUYdiK6oQ.jpg"
    }
  },
  {
    "pk": 1829245,
    "model": "movies.actor",
    "fields": {
      "name": "Daryl McCormack",
      "profile_path": "https://image.tmdb.org/t/p/original/hGW4nbGz2gdd6UUIihWwaMi8HcQ.jpg"
    }
  },
  {
    "pk": 234930,
    "model": "movies.actor",
    "fields": {
      "name": "Isabella Laughland",
      "profile_path": "https://image.tmdb.org/t/p/original/5Od1m1YlSQvsggZhFwzRRFmskPX.jpg"
    }
  },
  {
    "pk": 3396528,
    "model": "movies.actor",
    "fields": {
      "name": "Les Mabaleka",
      "profile_path": "https://image.tmdb.org/t/p/originalNone"
    }
  },
  {
    "pk": 3396529,
    "model": "movies.actor",
    "fields": {
      "name": "Lennie Beare",
      "profile_path": "https://image.tmdb.org/t/p/originalNone"
    }
  },
  {
    "pk": 922,
    "model": "movies.keyword",
    "fields": {
      "name": "hotel room"
    }
  },
  {
    "pk": 190178,
    "model": "movies.keyword",
    "fields": {
      "name": "sex worker"
    }
  },
  {
    "pk": 758330,
    "model": "movies.upcoming",
    "fields": {
      "title": "굿 럭 투 유, 리오 그랜드",
      "overview": "단 한번도 섹스에 만족해 본 적 없는 인생 6*년차 낸시. 남편과 아이들이 떠나고, 은퇴 후 혼자 남은 그녀는 자신만의 은밀한 버킷리스트를 실행해보기로 결심한다  \"이끌리는 대로 다 잊고 당신만 생각해요” 외딴 호텔, 모든 게 자신 없는 '낸시' 앞에 젊고 매력적인 '리오 그랜드'가 나타나고, 처음 경험하는 퍼스널 서비스는 예상치 못한 해방감을 선사하는데...  올 여름, 뜨겁게 용감해지고 싶은 당신을 위한 굿 럭 무비!",
      "genres": [
        35,
        10749,
        18
      ],
      "release_date": "2022-06-17",
      "vote_count": 158,
      "vote_average": 7,
      "actors": [
        7056,
        1829245,
        234930,
        3396528,
        3396529
      ],
      "poster_path": "/1ywjWmLHWHKAyOHGw0A3tcQclH0.jpg",
      "video_path": "PvhooIY8I7A",
      "keywords": [
        922,
        190178
      ]
    }
  },
  {
    "pk": 1353827,
    "model": "movies.actor",
    "fields": {
      "name": "Taylor Russell",
      "profile_path": "https://image.tmdb.org/t/p/original/kwksrHVkmqyEda0py5YnANxWqfG.jpg"
    }
  },
  {
    "pk": 1190668,
    "model": "movies.actor",
    "fields": {
      "name": "Timothée Chalamet",
      "profile_path": "https://image.tmdb.org/t/p/original/fWcf1b3CEybhnE53xLpeAEl6WYJ.jpg"
    }
  },
  {
    "pk": 40900,
    "model": "movies.actor",
    "fields": {
      "name": "Mark Rylance",
      "profile_path": "https://image.tmdb.org/t/p/original/bztEZRyXrvW3Pg1fexNASXlZrq7.jpg"
    }
  },
  {
    "pk": 72873,
    "model": "movies.actor",
    "fields": {
      "name": "Michael Stuhlbarg",
      "profile_path": "https://image.tmdb.org/t/p/original/aYB3SQm3h6ZyAdlbGyiNfakjx56.jpg"
    }
  },
  {
    "pk": 2838,
    "model": "movies.actor",
    "fields": {
      "name": "Chloë Sevigny",
      "profile_path": "https://image.tmdb.org/t/p/original/eM7KGAMCmZCzYDFV8gaSfknN675.jpg"
    }
  },
  {
    "pk": 818,
    "model": "movies.keyword",
    "fields": {
      "name": "based on novel or book"
    }
  },
  {
    "pk": 7312,
    "model": "movies.keyword",
    "fields": {
      "name": "road trip"
    }
  },
  {
    "pk": 9673,
    "model": "movies.keyword",
    "fields": {
      "name": "love"
    }
  },
  {
    "pk": 14895,
    "model": "movies.keyword",
    "fields": {
      "name": "cannibal"
    }
  },
  {
    "pk": 162521,
    "model": "movies.keyword",
    "fields": {
      "name": "flesh eating"
    }
  },
  {
    "pk": 170356,
    "model": "movies.keyword",
    "fields": {
      "name": "outsider"
    }
  },
  {
    "pk": 188717,
    "model": "movies.keyword",
    "fields": {
      "name": "cross country trip"
    }
  },
  {
    "pk": 791177,
    "model": "movies.upcoming",
    "fields": {
      "title": "본즈 앤 올",
      "overview": "열여섯 살이 된 매런은 유일한 가족인 아빠마저 곁을 떠나자 한 번도 보지 못한 엄마를 찾는 길에 오른다. 절망 가운데 자신과 같은 식성을 가진 소년 리를 만나고, 동행하는 길 위에서 사랑을 느끼지만 매런에게 사랑은 늘 파멸과 마찬가지였기에 이 감정을 숨길 수밖에 없다. 평범한 삶을 갈구하는 매런은 리와 끝까지 함께 할 수 있을까? 이 길의 끝에서 매런은 고대하던 것을 찾을 수 있을까?",
      "genres": [
        18,
        27,
        10749
      ],
      "release_date": "2022-11-18",
      "vote_count": 4,
      "vote_average": 7.6,
      "actors": [
        1353827,
        1190668,
        40900,
        72873,
        2838
      ],
      "poster_path": "/j60Eb7TKqfv0QN8Zn1aKm2DMgbO.jpg",
      "video_path": "yg2qAYKT1rE",
      "keywords": [
        818,
        7312,
        9673,
        14895,
        162521,
        170356,
        188717
      ]
    }
  }
]